{
  "Phoenix": {
    "fetched_at": 1774015040.005166,
    "markets": [
      [
        "103 or below",
        6,
        98
      ],
      [
        "104-105",
        33,
        70
      ],
      [
        "106-107",
        63,
        38
      ],
      [
        "108-109",
        11,
        93
      ],
      [
        "110-111",
        3,
        100
      ],
      [
        "112 or above",
        2,
        100
      ]
    ]
  },
  "Las Vegas": {
    "fetched_at": 1774015040.901396,
    "markets": [
      [
        "95 or below",
        17,
        91
      ],
      [
        "96-97",
        63,
        41
      ],
      [
        "98-99",
        34,
        71
      ],
      [
        "100-101",
        5,
        98
      ],
      [
        "102-103",
        1,
        100
      ],
      [
        "104 or above",
        1,
        100
      ]
    ]
  },
  "Dallas": {
    "fetched_at": 1774015042.7280278,
    "markets": [
      [
        "90 or below",
        44,
        63
      ],
      [
        "91-92",
        53,
        52
      ],
      [
        "93-94",
        14,
        90
      ],
      [
        "95-96",
        5,
        98
      ],
      [
        "97-98",
        2,
        99
      ],
      [
        "99 or above",
        1,
        100
      ]
    ]
  },
  "Houston": {
    "fetched_at": 1774016924.64115,
    "markets": [
      [
        "82 or below",
        32,
        73
      ],
      [
        "83-84",
        47,
        58
      ],
      [
        "85-86",
        33,
        74
      ],
      [
        "87-88",
        3,
        98
      ],
      [
        "89-90",
        1,
        100
      ],
      [
        "91 or above",
        1,
        100
      ]
    ]
  },
  "Atlanta": {
    "fetched_at": 1774015045.248022,
    "markets": [
      [
        "71 or below",
        3,
        100
      ],
      [
        "72-73",
        5,
        99
      ],
      [
        "74-75",
        10,
        91
      ],
      [
        "76-77",
        47,
        56
      ],
      [
        "78-79",
        38,
        65
      ],
      [
        "80 or above",
        8,
        96
      ]
    ]
  },
  "San Antonio": {
    "fetched_at": 1774017249.809737,
    "markets": [
      [
        "86 or below",
        17,
        91
      ],
      [
        "87-88",
        19,
        82
      ],
      [
        "89-90",
        61,
        45
      ],
      [
        "91-92",
        28,
        77
      ],
      [
        "93-94",
        5,
        99
      ],
      [
        "95 or above",
        3,
        100
      ]
    ]
  },
  "New Orleans": {
    "fetched_at": 1774017673.39908,
    "markets": [
      [
        "76 or below",
        30,
        88
      ],
      [
        "77-78",
        39,
        65
      ],
      [
        "79-80",
        43,
        64
      ],
      [
        "81-82",
        5,
        97
      ],
      [
        "83-84",
        3,
        99
      ],
      [
        "85 or above",
        1,
        100
      ]
    ]
  },
  "Philadelphia": {
    "fetched_at": 1774016383.8119638,
    "markets": [
      [
        "59 or below",
        1,
        100
      ],
      [
        "60-61",
        5,
        100
      ],
      [
        "62-63",
        9,
        95
      ],
      [
        "64-65",
        27,
        77
      ],
      [
        "66-67",
        37,
        64
      ],
      [
        "68 or above",
        28,
        76
      ]
    ]
  },
  "Boston": {
    "fetched_at": 1774015050.4676402,
    "markets": [
      [
        "47 or below",
        3,
        100
      ],
      [
        "48-49",
        6,
        97
      ],
      [
        "50-51",
        32,
        80
      ],
      [
        "52-53",
        36,
        70
      ],
      [
        "54-55",
        26,
        80
      ],
      [
        "56 or above",
        17,
        87
      ]
    ]
  },
  "Oklahoma City": {
    "fetched_at": 1774017519.5151858,
    "markets": [
      [
        "90 or below",
        5,
        99
      ],
      [
        "91-92",
        4,
        97
      ],
      [
        "93-94",
        28,
        77
      ],
      [
        "95-96",
        60,
        46
      ],
      [
        "97-98",
        23,
        79
      ],
      [
        "99 or above",
        5,
        99
      ]
    ]
  },
  "Minneapolis": {
    "fetched_at": 1774018051.068461,
    "markets": [
      [
        "49 or below",
        1,
        100
      ],
      [
        "50-51",
        1,
        100
      ],
      [
        "52-53",
        2,
        100
      ],
      [
        "54-55",
        2,
        100
      ],
      [
        "56-57",
        14,
        93
      ],
      [
        "58 or above",
        90,
        17
      ]
    ]
  },
  "Washington DC": {
    "fetched_at": 1774015053.9774551,
    "markets": [
      [
        "63 or below",
        1,
        100
      ],
      [
        "64-65",
        1,
        100
      ],
      [
        "66-67",
        3,
        99
      ],
      [
        "68-69",
        21,
        84
      ],
      [
        "70-71",
        33,
        69
      ],
      [
        "72 or above",
        62,
        44
      ]
    ]
  },
  "Los Angeles": {
    "fetched_at": 1774015041.8363361,
    "markets": [
      [
        "76 or below",
        3,
        98
      ],
      [
        "77-78",
        10,
        95
      ],
      [
        "79-80",
        21,
        83
      ],
      [
        "81-82",
        30,
        76
      ],
      [
        "83-84",
        27,
        80
      ],
      [
        "85 or above",
        32,
        74
      ]
    ]
  },
  "Austin": {
    "fetched_at": 1774015688.377109,
    "markets": [
      [
        "87 or below",
        3,
        98
      ],
      [
        "88-89",
        27,
        78
      ],
      [
        "90-91",
        57,
        44
      ],
      [
        "92-93",
        15,
        86
      ],
      [
        "94-95",
        3,
        98
      ],
      [
        "96 or above",
        1,
        100
      ]
    ]
  },
  "Denver": {
    "fetched_at": 1774015051.36564,
    "markets": [
      [
        "80 or below",
        3,
        98
      ],
      [
        "81-82",
        7,
        95
      ],
      [
        "83-84",
        34,
        67
      ],
      [
        "85-86",
        53,
        48
      ],
      [
        "87-88",
        13,
        88
      ],
      [
        "89 or above",
        2,
        99
      ]
    ]
  },
  "New York": {
    "fetched_at": 1774016125.505911,
    "markets": [
      [
        "52 or below",
        1,
        100
      ],
      [
        "53-54",
        3,
        98
      ],
      [
        "55-56",
        14,
        87
      ],
      [
        "57-58",
        36,
        67
      ],
      [
        "59-60",
        46,
        55
      ],
      [
        "61 or above",
        12,
        89
      ]
    ]
  }
}